{"$schema":"http://schema.management.azure.com/schemas/2015-01-01/deploymentTemplate.json#","contentVersion":"1.0.0.0","parameters":{"factoryName":{"type":"string","metadata":"Data Factory name"},"Bread Financial Sftp":{"type":"string"},"AzureDataLakeStorage1":{"type":"string"}},"variables":{"factoryId":"[concat('Microsoft.DataFactory/factories/', parameters('factoryName'))]"},"resources":[{"name":"[concat(parameters('factoryName'), '/BreadFinancial_SFTP_Main_Pipeline')]","type":"Microsoft.DataFactory/factories/pipelines","apiVersion":"2018-06-01","properties":{"activities":[{"name":"SFTP_to_Blob","type":"ExecutePipeline","dependsOn":[],"userProperties":[],"typeProperties":{"pipeline":{"referenceName":"BreadFinancial_SFTP_Copy_Activity","type":"PipelineReference"},"waitOnCompletion":true,"parameters":{"SFTP_FileBlob_Location":{"value":"@pipeline().parameters.SFTP_FileBlob_Location","type":"Expression"},"SFTP_FileBlob_Directory":{"value":"@pipeline().parameters.SFTP_FileBlob_Directory","type":"Expression"},"StartTime":{"value":"@pipeline().parameters.StartTime","type":"Expression"}}}},{"name":"RemoveFoldureStructure","type":"ExecutePipeline","dependsOn":[{"activity":"SFTP_to_Blob","dependencyConditions":["Succeeded"]}],"userProperties":[],"typeProperties":{"pipeline":{"referenceName":"BreadFinancial_SFTP_MoveFiles","type":"PipelineReference"},"waitOnCompletion":true,"parameters":{"SourceStore_Location":{"value":"@pipeline().parameters.Source_Location","type":"Expression"},"SourceStore_Directory":{"value":"@pipeline().parameters.Source_Directory","type":"Expression"},"DestinationStore_Location":{"value":"@pipeline().parameters.Destination_Location","type":"Expression"},"DestinationStore_Directory":{"value":"@pipeline().parameters.Destination_Directory","type":"Expression"},"StartTime":{"value":"@pipeline().parameters.StartTime","type":"Expression"}}}}],"policy":{"elapsedTimeMetric":{},"cancelAfter":{}},"parameters":{"Source_Location":{"type":"string","defaultValue":"breadfinancial"},"Source_Directory":{"type":"string","defaultValue":"data/raw/SFTP"},"Destination_Location":{"type":"string","defaultValue":"breadfinancial"},"Destination_Directory":{"type":"string","defaultValue":"data/raw/CompressedFiles"},"SFTP_FileBlob_Location":{"type":"string","defaultValue":"breadfinancial"},"SFTP_FileBlob_Directory":{"type":"string","defaultValue":"data/raw/SFTP"},"StartTime":{"type":"string","defaultValue":"2022-07-06T00:00:00Z"}},"folder":{"name":"breadfinancial"},"annotations":[],"lastPublishTime":"2022-07-07T10:52:44Z"},"dependsOn":["[concat(variables('factoryId'), '/pipelines/BreadFinancial_SFTP_Copy_Activity')]","[concat(variables('factoryId'), '/pipelines/BreadFinancial_SFTP_MoveFiles')]"]},{"name":"[concat(parameters('factoryName'), '/BreadFinancial_SFTP_Copy_Activity')]","type":"Microsoft.DataFactory/factories/pipelines","apiVersion":"2018-06-01","properties":{"activities":[{"name":"Copy_SFTP_Activity","type":"Copy","dependsOn":[],"policy":{"timeout":"7.00:00:00","retry":2,"retryIntervalInSeconds":30,"secureOutput":false,"secureInput":false},"userProperties":[],"typeProperties":{"source":{"type":"BinarySource","storeSettings":{"type":"SftpReadSettings","maxConcurrentConnections":5,"recursive":true,"modifiedDatetimeStart":{"value":"@adddays(pipeline().parameters.StartTime, -1 )","type":"Expression"},"deleteFilesAfterCompletion":false,"disableChunking":false},"formatSettings":{"type":"BinaryReadSettings"}},"sink":{"type":"BinarySink","storeSettings":{"type":"AzureBlobFSWriteSettings"}},"enableStaging":false},"inputs":[{"referenceName":"BreadFinancial_Binary_SFTP_Source_Folder","type":"DatasetReference","parameters":{}}],"outputs":[{"referenceName":"BreadFinancial_Binary_Destination_Folder","type":"DatasetReference","parameters":{"Container":{"value":"@pipeline().parameters.SFTP_FileBlob_Location","type":"Expression"},"Directory":{"value":"@pipeline().parameters.SFTP_FileBlob_Directory","type":"Expression"}}}]}],"policy":{"elapsedTimeMetric":{},"cancelAfter":{}},"parameters":{"SFTP_FileBlob_Location":{"type":"string","defaultValue":"breadfinancial"},"SFTP_FileBlob_Directory":{"type":"string","defaultValue":"data/raw/SFTP"},"StartTime":{"type":"string","defaultValue":"YYYY-MM-DDTHH24:MI:SSZ"}},"folder":{"name":"breadfinancial"},"annotations":[],"lastPublishTime":"2022-07-07T10:52:44Z"},"dependsOn":["[concat(variables('factoryId'), '/datasets/BreadFinancial_Binary_SFTP_Source_Folder')]","[concat(variables('factoryId'), '/datasets/BreadFinancial_Binary_Destination_Folder')]"]},{"name":"[concat(parameters('factoryName'), '/BreadFinancial_SFTP_MoveFiles')]","type":"Microsoft.DataFactory/factories/pipelines","apiVersion":"2018-06-01","properties":{"description":"Move files from one folder to another folder. Removes folder structure","activities":[{"name":"GetFileList","description":"Get the list of file","type":"GetMetadata","dependsOn":[],"policy":{"timeout":"7.00:00:00","retry":2,"retryIntervalInSeconds":30,"secureOutput":false,"secureInput":false},"userProperties":[],"typeProperties":{"dataset":{"referenceName":"BreadFinancial_Binary_Source_Folder","type":"DatasetReference","parameters":{"Container":{"value":"@pipeline().parameters.SourceStore_Location","type":"Expression"},"Directory":{"value":"@pipeline().parameters.SourceStore_Directory","type":"Expression"}}},"fieldList":["childItems"],"storeSettings":{"type":"AzureBlobFSReadSettings","recursive":true},"formatSettings":{"type":"BinaryReadSettings"}}},{"name":"ForEachFile","description":"Iterate each file, and move them one by one.","type":"ForEach","dependsOn":[{"activity":"FilterFiles","dependencyConditions":["Succeeded"]}],"userProperties":[],"typeProperties":{"items":{"value":"@activity('FilterFiles').output.value","type":"Expression"},"batchCount":20,"activities":[{"name":"CopyAFile","description":"Copy a file from the source store to the destination store.","type":"Copy","dependsOn":[],"policy":{"timeout":"7.00:00:00","retry":2,"retryIntervalInSeconds":30,"secureOutput":false,"secureInput":false},"userProperties":[],"typeProperties":{"source":{"type":"BinarySource","storeSettings":{"type":"AzureBlobFSReadSettings","recursive":true},"formatSettings":{"type":"BinaryReadSettings"},"recursive":false},"sink":{"type":"BinarySink","storeSettings":{"type":"AzureBlobFSWriteSettings"}},"enableStaging":false,"dataIntegrationUnits":0},"inputs":[{"referenceName":"BreadFinancial_Binary_Source_Folder","type":"DatasetReference","parameters":{"Container":{"value":"@pipeline().parameters.SourceStore_Location","type":"Expression"},"Directory":{"value":"@concat(\npipeline().parameters.SourceStore_Directory,\n'/',\nitem().name\n)","type":"Expression"}}}],"outputs":[{"referenceName":"BreadFinancial_Binary_Destination_Folder","type":"DatasetReference","parameters":{"Container":{"value":"@pipeline().parameters.DestinationStore_Location","type":"Expression"},"Directory":{"value":"@pipeline().parameters.DestinationStore_Directory","type":"Expression"}}}]},{"name":"DeleteFiles","description":"Delete a file from the source store","type":"Delete","dependsOn":[{"activity":"CopyAFile","dependencyConditions":["Succeeded"]}],"policy":{"timeout":"7.00:00:00","retry":2,"retryIntervalInSeconds":30,"secureOutput":false,"secureInput":false},"userProperties":[],"typeProperties":{"dataset":{"referenceName":"BreadFinancial_Binary_Source_Folder","type":"DatasetReference","parameters":{"Container":"@pipeline().parameters.SourceStore_Location","Directory":{"value":"@concat(\npipeline().parameters.SourceStore_Directory,\n'/',\nitem().name\n)","type":"Expression"}}},"enableLogging":false,"storeSettings":{"type":"AzureBlobFSReadSettings","recursive":true}}}]}},{"name":"FilterFiles","description":"Only files will be selected, the source-folders will not be selected.","type":"Filter","dependsOn":[{"activity":"GetFileList","dependencyConditions":["Succeeded"]}],"userProperties":[],"typeProperties":{"items":{"value":"@activity('GetFileList').output.childItems","type":"Expression"},"condition":{"value":"@equals(item().type, 'Folder')","type":"Expression"}}}],"policy":{"elapsedTimeMetric":{},"cancelAfter":{}},"parameters":{"SourceStore_Location":{"type":"String","defaultValue":"breadfinancial"},"SourceStore_Directory":{"type":"String","defaultValue":"data/raw/SFTP"},"DestinationStore_Location":{"type":"String","defaultValue":"breadfinancial"},"DestinationStore_Directory":{"type":"String","defaultValue":"data/raw/CompressedFiles"},"StartTime":{"type":"string"}},"folder":{"name":"breadfinancial"},"annotations":[],"lastPublishTime":"2022-07-07T11:15:11Z"},"dependsOn":["[concat(variables('factoryId'), '/datasets/BreadFinancial_Binary_Source_Folder')]","[concat(variables('factoryId'), '/datasets/BreadFinancial_Binary_Destination_Folder')]"]},{"name":"[concat(parameters('factoryName'), '/BreadFinancial_Binary_SFTP_Source_Folder')]","type":"Microsoft.DataFactory/factories/datasets","apiVersion":"2018-06-01","properties":{"description":"Binary_BreadFinancial_SFTP","linkedServiceName":{"referenceName":"[parameters('Bread Financial Sftp')]","type":"LinkedServiceReference"},"folder":{"name":"breadfinancial_dataset"},"annotations":[],"type":"Binary","typeProperties":{"location":{"type":"SftpLocation","folderPath":"/AD_PROD"}}},"dependsOn":[]},{"name":"[concat(parameters('factoryName'), '/BreadFinancial_Binary_Destination_Folder')]","type":"Microsoft.DataFactory/factories/datasets","apiVersion":"2018-06-01","properties":{"description":"It describes the folder in the data source store.","linkedServiceName":{"referenceName":"[parameters('AzureDataLakeStorage1')]","type":"LinkedServiceReference"},"parameters":{"Container":{"type":"String"},"Directory":{"type":"String"}},"folder":{"name":"breadfinancial_dataset"},"annotations":[],"type":"Binary","typeProperties":{"location":{"type":"AzureBlobFSLocation","folderPath":{"value":"@{dataset().Directory}","type":"Expression"},"fileSystem":{"value":"@{dataset().Container}","type":"Expression"}}}},"dependsOn":[]},{"name":"[concat(parameters('factoryName'), '/BreadFinancial_Binary_Source_Folder')]","type":"Microsoft.DataFactory/factories/datasets","apiVersion":"2018-06-01","properties":{"description":"It describes the folder in the data source store.","linkedServiceName":{"referenceName":"[parameters('AzureDataLakeStorage1')]","type":"LinkedServiceReference"},"parameters":{"Container":{"type":"String"},"Directory":{"type":"String"}},"folder":{"name":"breadfinancial_dataset"},"annotations":[],"type":"Binary","typeProperties":{"location":{"type":"AzureBlobFSLocation","folderPath":{"value":"@{dataset().Directory}","type":"Expression"},"fileSystem":{"value":"@{dataset().Container}","type":"Expression"}}}},"dependsOn":[]}]}